{"S1A_EW_GRDM_VH_NS_3.1": {"EW1": 0.9067564820921421, "EW2": 0.8436815229237992, "EW3": 0.8288756172222169, "EW4": 0.9266705579402829, "EW5": 0.9199626126135767}, "S1A_EW_GRDM_VH_PB_3.1": {"EW1": 0.00014946003543597509, "EW2": 0.00017363882421723344, "EW3": 0.00014402775896797256, "EW4": 0.0001063158491424791, "EW5": 0.00010671751279543661}, "S1B_EW_GRDM_VH_NS_3.1": {"EW1": 0.9156215353496956, "EW2": 0.8817625479428431, "EW3": 0.846375723587585, "EW4": 0.9504725744698451, "EW5": 1.0044985595625695}, "S1B_EW_GRDM_VH_PB_3.1": {"EW1": 0.00019688949734920628, "EW2": 0.00013018478528655438, "EW3": 9.036219842634698e-05, "EW4": 5.8282778521685055e-05, "EW5": 5.914795037992601e-05}, "S1B_IW_GRDH_VH_NS_3.1": {"IW1": 0.9854355962303176, "IW2": 0.9880535882006505, "IW3": 1.1000176989490251}, "S1B_IW_GRDH_VH_PB_3.1": {"IW1": 6.12148863331148e-05, "IW2": 1.1930866550091356e-05, "IW3": -0.00011182451896724408}, "S1A_IW_GRDH_HV_NS_3.1": {"IW1": 1.0336345160083245, "IW2": 0.9970096731470423, "IW3": 1.1270269021667458}, "S1A_IW_GRDH_HV_PB_3.1": {"IW1": 0.00014981161058604596, "IW2": -9.615879554188944e-06, "IW3": -0.00020909284291665422}, "S1A_IW_GRDH_VH_NS_3.1": {"IW1": 1.0491463915745205, "IW2": 0.9843444656899601, "IW3": 1.0787269813793199}, "S1A_IW_GRDH_VH_PB_3.1": {"IW1": 1.6380019058311914e-05, "IW2": 2.128343412572047e-05, "IW3": -0.00010323897376191746}, "S1B_IW_GRDH_HV_NS_3.1": {"IW1": 0.9659684326707487, "IW2": 0.9369043201985305, "IW3": 1.0444934189848722}, "S1B_IW_GRDH_HV_PB_3.1": {"IW1": 0.00017387301797000245, "IW2": -1.6034622720946086e-06, "IW3": -0.00019366891433002188}, "S1A_EW_GRDM_HV_NS_3.1": {"EW1": 1.0192729363822497, "EW2": 0.9852981966719958, "EW3": 0.9777714040014476, "EW4": 1.0607721665226377, "EW5": 1.0332263820020957}, "S1A_EW_GRDM_HV_PB_3.1": {"EW1": 6.356005834071703e-05, "EW2": 8.931004602422138e-06, "EW3": 1.2383778799706712e-05, "EW4": -1.6531586397057598e-05, "EW5": -2.221272187752646e-05}, "S1B_EW_GRDM_HV_NS_3.1": {"EW1": 0.9078292088346851, "EW2": 0.8695947387864499, "EW3": 0.8301467063621799, "EW4": 0.8894946878921138, "EW5": 0.8876375734045323}, "S1B_EW_GRDM_HV_PB_3.1": {"EW1": 0.00023246115717218618, "EW2": 0.00012558119721288184, "EW3": 0.00011540462205820958, "EW4": 7.833583407586546e-05, "EW5": 7.062990133940932e-05}}