{"S1A_IW_GRDH_VH_NS_3.1": {"mean": {"IW1": 1.0491463915745205, "IW2": 0.9843444656899601, "IW3": 1.0787269813793199}, "rmse": {"IW1": 0.03921432397367467, "IW2": 0.023550541414188282, "IW3": 0.01934397271169244}, "files": ["S1A_IW_GRDH_1SDV_20190705T075727_20190705T075752_027979_0328C6_0875_noiseScaling.npz", "S1A_IW_GRDH_1SDV_20190707T074206_20190707T074231_028008_0329B3_64AB_noiseScaling.npz", "S1A_IW_GRDH_1SDV_20190701T065057_20190701T065122_027920_0326FB_A565_noiseScaling.npz", "S1A_IW_GRDH_1SDV_20190706T070003_20190706T070032_027993_032940_93F9_noiseScaling.npz", "S1A_IW_GRDH_1SDV_20190701T065007_20190701T065032_027920_0326FB_09A4_noiseScaling.npz", "S1A_IW_GRDH_1SDV_20190707T184302_20190707T184327_028015_0329F2_4C6B_noiseScaling.npz", "S1A_IW_GRDH_1SDV_20190702T183703_20190702T183728_027942_0327A4_F7F2_noiseScaling.npz", "S1A_IW_GRDH_1SDV_20190707T184507_20190707T184534_028015_0329F2_D956_noiseScaling.npz", "S1A_IW_GRDH_1SDV_20190707T074116_20190707T074141_028008_0329B3_620F_noiseScaling.npz", "S1A_IW_GRDH_1SDV_20190702T183638_20190702T183703_027942_0327A4_4F04_noiseScaling.npz", "S1A_IW_GRDH_1SDV_20190705T185943_20190705T190008_027986_032902_1690_noiseScaling.npz", "S1A_IW_GRDH_1SDV_20190706T194046_20190706T194111_028001_03297B_DBB8_noiseScaling.npz", "S1A_IW_GRDH_1SDV_20190707T073932_20190707T074001_028008_0329B3_EE42_noiseScaling.npz", "S1A_IW_GRDH_1SDV_20190707T074001_20190707T074026_028008_0329B3_F320_noiseScaling.npz", "S1A_IW_GRDH_1SDV_20190701T065212_20190701T065237_027920_0326FB_C808_noiseScaling.npz", "S1A_IW_GRDH_1SDV_20190701T065147_20190701T065212_027920_0326FB_4A2C_noiseScaling.npz", "S1A_IW_GRDH_1SDV_20190707T184237_20190707T184302_028015_0329F2_89CB_noiseScaling.npz", "S1A_IW_GRDH_1SDV_20190707T184327_20190707T184352_028015_0329F2_77BD_noiseScaling.npz", "S1A_IW_GRDH_1SDV_20190707T184442_20190707T184507_028015_0329F2_CEF7_noiseScaling.npz", "S1A_IW_GRDH_1SDV_20190705T075543_20190705T075612_027979_0328C6_50C1_noiseScaling.npz", "S1A_IW_GRDH_1SDV_20190705T075752_20190705T075817_027979_0328C6_99D0_noiseScaling.npz", "S1A_IW_GRDH_1SDV_20190704T195645_20190704T195710_027972_032892_5F98_noiseScaling.npz", "S1A_IW_GRDH_1SDV_20190706T194201_20190706T194220_028001_03297B_7072_noiseScaling.npz", "S1A_IW_GRDH_1SDV_20190705T075817_20190705T075842_027979_0328C6_3106_noiseScaling.npz", "S1A_IW_GRDH_1SDV_20190707T074051_20190707T074116_028008_0329B3_5C6F_noiseScaling.npz", "S1A_IW_GRDH_1SDV_20190705T185918_20190705T185943_027986_032902_D7FF_noiseScaling.npz", "S1A_IW_GRDH_1SDV_20190706T194111_20190706T194136_028001_03297B_2DDB_noiseScaling.npz", "S1A_IW_GRDH_1SDV_20190705T075702_20190705T075727_027979_0328C6_949F_noiseScaling.npz", "S1A_IW_GRDH_1SDV_20190701T065237_20190701T065302_027920_0326FB_F6C1_noiseScaling.npz", "S1A_IW_GRDH_1SDV_20190707T184212_20190707T184237_028015_0329F2_F550_noiseScaling.npz", "S1A_IW_GRDH_1SDV_20190701T064942_20190701T065007_027920_0326FB_51FA_noiseScaling.npz", "S1A_IW_GRDH_1SDV_20190706T193956_20190706T194021_028001_03297B_37DB_noiseScaling.npz", "S1A_IW_GRDH_1SDV_20190701T065122_20190701T065147_027920_0326FB_7FA2_noiseScaling.npz", "S1A_IW_GRDH_1SDV_20190706T194136_20190706T194201_028001_03297B_9332_noiseScaling.npz", "S1A_IW_GRDH_1SDV_20190705T190008_20190705T190022_027986_032902_D613_noiseScaling.npz", "S1A_IW_GRDH_1SDV_20190705T075637_20190705T075702_027979_0328C6_8B01_noiseScaling.npz", "S1A_IW_GRDH_1SDV_20190707T184417_20190707T184442_028015_0329F2_016E_noiseScaling.npz", "S1A_IW_GRDH_1SDV_20190706T194021_20190706T194046_028001_03297B_9C00_noiseScaling.npz", "S1A_IW_GRDH_1SDV_20190706T070057_20190706T070122_027993_032940_4F0B_noiseScaling.npz", "S1A_IW_GRDH_1SDV_20190707T074026_20190707T074051_028008_0329B3_7AE4_noiseScaling.npz", "S1A_IW_GRDH_1SDV_20190705T185853_20190705T185918_027986_032902_9688_noiseScaling.npz", "S1A_IW_GRDH_1SDV_20190701T065032_20190701T065057_027920_0326FB_19CF_noiseScaling.npz", "S1A_IW_GRDH_1SDV_20190704T195616_20190704T195645_027972_032892_AFD2_noiseScaling.npz", "S1A_IW_GRDH_1SDV_20190706T070032_20190706T070057_027993_032940_D175_noiseScaling.npz", "S1A_IW_GRDH_1SDV_20190707T184352_20190707T184417_028015_0329F2_9C89_noiseScaling.npz", "S1A_IW_GRDH_1SDV_20190707T074141_20190707T074206_028008_0329B3_CD49_noiseScaling.npz", "S1A_IW_GRDH_1SDV_20190705T075612_20190705T075637_027979_0328C6_64D6_noiseScaling.npz"]}}