{"S1A_EW_GRDM_VH_NS_3.1": {"mean": {"EW1": 0.9067564820921421, "EW2": 0.8436815229237992, "EW3": 0.8288756172222169, "EW4": 0.9266705579402829, "EW5": 0.9199626126135767}, "rmse": {"EW1": 0.014609610697211341, "EW2": 0.029565344176081466, "EW3": 0.0240717402499219, "EW4": 0.022049490379255618, "EW5": 0.04316884293405574}, "files": ["S1A_EW_GRDM_1SDV_20190814T072503_20190814T072603_028562_033AF4_5CA0_noiseScaling.npz", "S1A_EW_GRDM_1SDV_20190725T193155_20190725T193255_028278_0331CF_4FC1_noiseScaling.npz", "S1A_EW_GRDM_1SDV_20190720T192350_20190720T192450_028205_032FA7_8A6D_noiseScaling.npz", "S1A_EW_GRDM_1SDV_20190713T193155_20190713T193255_028103_032C83_AD1A_noiseScaling.npz", "S1A_EW_GRDM_1SDV_20190825T192452_20190825T192552_028730_0340BF_F040_noiseScaling.npz", "S1A_EW_GRDM_1SDV_20190704T071548_20190704T071652_027964_032858_D34B_noiseScaling.npz", "S1A_EW_GRDM_1SDV_20190727T081159_20190727T081304_028300_033281_B8D5_noiseScaling.npz", "S1A_EW_GRDM_1SDV_20190901T191531_20190901T191631_028832_034455_5813_noiseScaling.npz", "S1A_EW_GRDM_1SDV_20190819T073208_20190819T073312_028635_033D6A_322F_noiseScaling.npz", "S1A_EW_GRDM_1SDV_20190820T191730_20190820T191826_028657_033E3B_6388_noiseScaling.npz", "S1A_EW_GRDM_1SDV_20190826T072400_20190826T072504_028737_0340FE_ECF9_noiseScaling.npz", "S1A_EW_GRDM_1SDV_20190809T071654_20190809T071754_028489_033865_D005_noiseScaling.npz", "S1A_EW_GRDM_1SDV_20190821T071551_20190821T071655_028664_033E7E_541E_noiseScaling.npz", "S1A_EW_GRDM_1SDV_20190901T191631_20190901T191731_028832_034455_C934_noiseScaling.npz", "S1A_EW_GRDM_1SDV_20190801T192551_20190801T192624_028380_0334FD_27DC_noiseScaling.npz", "S1A_EW_GRDM_1SDV_20190808T191630_20190808T191730_028482_03382A_303C_noiseScaling.npz", "S1A_EW_GRDM_1SDV_20190725T193355_20190725T193426_028278_0331CF_9686_noiseScaling.npz", "S1A_EW_GRDM_1SDV_20190901T081202_20190901T081306_028825_034409_AA86_noiseScaling.npz", "S1A_EW_GRDM_1SDV_20190715T191728_20190715T191824_028132_032D6E_9ACD_noiseScaling.npz", "S1A_EW_GRDM_1SDV_20190725T193255_20190725T193355_028278_0331CF_AD21_noiseScaling.npz", "S1A_EW_GRDM_1SDV_20190830T193257_20190830T193357_028803_034350_203E_noiseScaling.npz", "S1A_EW_GRDM_1SDV_20190720T192450_20190720T192550_028205_032FA7_9477_noiseScaling.npz", "S1A_EW_GRDM_1SDV_20190703T191627_20190703T191727_027957_032822_DFF7_noiseScaling.npz", "S1A_EW_GRDM_1SDV_20190704T071652_20190704T071752_027964_032858_4E80_noiseScaling.npz", "S1A_EW_GRDM_1SDV_20190716T071653_20190716T071753_028139_032DA6_6BF4_noiseScaling.npz", "S1A_EW_GRDM_1SDV_20190728T071654_20190728T071754_028314_0332FD_D4BB_noiseScaling.npz", "S1A_EW_GRDM_1SDV_20190716T071549_20190716T071653_028139_032DA6_24AA_noiseScaling.npz", "S1A_EW_GRDM_1SDV_20190820T191630_20190820T191730_028657_033E3B_F287_noiseScaling.npz", "S1A_EW_GRDM_1SDV_20190702T073309_20190702T073409_027935_03276B_0DE7_noiseScaling.npz", "S1A_EW_GRDM_1SDV_20190825T192252_20190825T192352_028730_0340BF_0589_noiseScaling.npz", "S1A_EW_GRDM_1SDV_20190814T072359_20190814T072503_028562_033AF4_2F43_noiseScaling.npz", "S1A_EW_GRDM_1SDV_20190831T073312_20190831T073412_028810_03438A_A4B4_noiseScaling.npz", "S1A_EW_GRDM_1SDV_20190801T192251_20190801T192351_028380_0334FD_041C_noiseScaling.npz", "S1A_EW_GRDM_1SDV_20190727T191629_20190727T191729_028307_0332C5_E17D_noiseScaling.npz", "S1A_EW_GRDM_1SDV_20190819T073312_20190819T073412_028635_033D6A_4E31_noiseScaling.npz", "S1A_EW_GRDM_1SDV_20190713T193255_20190713T193355_028103_032C83_2CE7_noiseScaling.npz", "S1A_EW_GRDM_1SDV_20190708T192549_20190708T192622_028030_032A61_C63E_noiseScaling.npz", "S1A_EW_GRDM_1SDV_20190720T192550_20190720T192623_028205_032FA7_B668_noiseScaling.npz", "S1A_EW_GRDM_1SDV_20190702T073204_20190702T073309_027935_03276B_68C8_noiseScaling.npz", "S1A_EW_GRDM_1SDV_20190813T192452_20190813T192552_028555_033AB4_202A_noiseScaling.npz", "S1A_EW_GRDM_1SDV_20190721T072502_20190721T072602_028212_032FE1_0219_noiseScaling.npz", "S1A_EW_GRDM_1SDV_20190807T073207_20190807T073311_028460_03375E_2F95_noiseScaling.npz", "S1A_EW_GRDM_1SDV_20190813T192552_20190813T192625_028555_033AB4_C554_noiseScaling.npz", "S1A_EW_GRDM_1SDV_20190727T191529_20190727T191629_028307_0332C5_1F92_noiseScaling.npz", "S1A_EW_GRDM_1SDV_20190720T192250_20190720T192350_028205_032FA7_2B58_noiseScaling.npz", "S1A_EW_GRDM_1SDV_20190825T192352_20190825T192452_028730_0340BF_AA18_noiseScaling.npz", "S1A_EW_GRDM_1SDV_20190709T072356_20190709T072501_028037_032A9C_AA0E_noiseScaling.npz", "S1A_EW_GRDM_1SDV_20190818T193157_20190818T193257_028628_033D2C_C381_noiseScaling.npz", "S1A_EW_GRDM_1SDV_20190901T191731_20190901T191826_028832_034455_EE2A_noiseScaling.npz", "S1A_EW_GRDM_1SDV_20190709T072501_20190709T072601_028037_032A9C_53A9_noiseScaling.npz", "S1A_EW_GRDM_1SDV_20190801T192451_20190801T192551_028380_0334FD_A937_noiseScaling.npz", "S1A_EW_GRDM_1SDV_20190807T073311_20190807T073411_028460_03375E_DC82_noiseScaling.npz", "S1A_EW_GRDM_1SDV_20190703T191527_20190703T191627_027957_032822_98CF_noiseScaling.npz", "S1A_EW_GRDM_1SDV_20190806T193256_20190806T193356_028453_033726_FC80_noiseScaling.npz", "S1A_EW_GRDM_1SDV_20190830T193357_20190830T193428_028803_034350_3F5F_noiseScaling.npz", "S1A_EW_GRDM_1SDV_20190821T071655_20190821T071755_028664_033E7E_D825_noiseScaling.npz", "S1A_EW_GRDM_1SDV_20190808T081200_20190808T081305_028475_0337DE_49DA_noiseScaling.npz", "S1A_EW_GRDM_1SDV_20190806T193356_20190806T193427_028453_033726_8FC4_noiseScaling.npz", "S1A_EW_GRDM_1SDV_20190802T072358_20190802T072502_028387_033536_49F7_noiseScaling.npz", "S1A_EW_GRDM_1SDV_20190727T191729_20190727T191824_028307_0332C5_316E_noiseScaling.npz", "S1A_EW_GRDM_1SDV_20190708T192449_20190708T192549_028030_032A61_4054_noiseScaling.npz", "S1A_EW_GRDM_1SDV_20190714T073309_20190714T073409_028110_032CB7_11CA_noiseScaling.npz", "S1A_EW_GRDM_1SDV_20190825T192552_20190825T192625_028730_0340BF_D3B5_noiseScaling.npz", "S1A_EW_GRDM_1SDV_20190801T192351_20190801T192451_028380_0334FD_346A_noiseScaling.npz", "S1A_EW_GRDM_1SDV_20190818T193357_20190818T193427_028628_033D2C_7F89_noiseScaling.npz", "S1A_EW_GRDM_1SDV_20190726T073310_20190726T073410_028285_033206_2739_noiseScaling.npz", "S1A_EW_GRDM_1SDV_20190820T191530_20190820T191630_028657_033E3B_B555_noiseScaling.npz", "S1A_EW_GRDM_1SDV_20190715T191528_20190715T191628_028132_032D6E_BD90_noiseScaling.npz", "S1A_EW_GRDM_1SDV_20190808T191530_20190808T191630_028482_03382A_127C_noiseScaling.npz", "S1A_EW_GRDM_1SDV_20190701T193354_20190701T193424_027928_032737_2D30_noiseScaling.npz", "S1A_EW_GRDM_1SDV_20190703T081158_20190703T081302_027950_0327DE_F8A1_noiseScaling.npz", "S1A_EW_GRDM_1SDV_20190726T073206_20190726T073310_028285_033206_5833_noiseScaling.npz", "S1A_EW_GRDM_1SDV_20190830T193157_20190830T193257_028803_034350_583F_noiseScaling.npz", "S1A_EW_GRDM_1SDV_20190802T072502_20190802T072602_028387_033536_4B99_noiseScaling.npz", "S1A_EW_GRDM_1SDV_20190715T191628_20190715T191728_028132_032D6E_4C94_noiseScaling.npz", "S1A_EW_GRDM_1SDV_20190703T191727_20190703T191823_027957_032822_3C55_noiseScaling.npz", "S1A_EW_GRDM_1SDV_20190714T073205_20190714T073309_028110_032CB7_EE3F_noiseScaling.npz", "S1A_EW_GRDM_1SDV_20190701T193154_20190701T193254_027928_032737_B13A_noiseScaling.npz", "S1A_EW_GRDM_1SDV_20190808T191730_20190808T191825_028482_03382A_978C_noiseScaling.npz", "S1A_EW_GRDM_1SDV_20190708T192349_20190708T192449_028030_032A61_047D_noiseScaling.npz", "S1A_EW_GRDM_1SDV_20190809T071550_20190809T071654_028489_033865_5424_noiseScaling.npz", "S1A_EW_GRDM_1SDV_20190831T073208_20190831T073312_028810_03438A_C4ED_noiseScaling.npz", "S1A_EW_GRDM_1SDV_20190708T192249_20190708T192349_028030_032A61_3C8E_noiseScaling.npz", "S1A_EW_GRDM_1SDV_20190813T192252_20190813T192352_028555_033AB4_10C4_noiseScaling.npz", "S1A_EW_GRDM_1SDV_20190713T193355_20190713T193425_028103_032C83_5A13_noiseScaling.npz", "S1A_EW_GRDM_1SDV_20190701T193254_20190701T193354_027928_032737_F24A_noiseScaling.npz", "S1A_EW_GRDM_1SDV_20190806T193156_20190806T193256_028453_033726_CAD3_noiseScaling.npz", 