{"S1A_EW_GRDM_HV_NS_3.1": {"mean": {"EW1": 1.0192729363822497, "EW2": 0.9852981966719958, "EW3": 0.9777714040014476, "EW4": 1.0607721665226377, "EW5": 1.0332263820020957}, "rmse": {"EW1": 0.026593856001513923, "EW2": 0.053794374210483845, "EW3": 0.03592680589251713, "EW4": 0.036061334535459184, "EW5": 0.06745134804419457}, "files": ["S1A_EW_GRDM_1SDH_20190707T055115_20190707T055215_028007_0329AA_21C6_noiseScaling.npz", "S1A_EW_GRDM_1SDH_20190706T065050_20190706T065149_027993_03293E_A548_noiseScaling.npz", "S1A_EW_GRDM_1SDH_20190711T065805_20190711T065905_028066_032B69_ACD1_noiseScaling.npz", "S1A_EW_GRDM_1SDH_20190714T072146_20190714T072246_028110_032CB6_89B1_noiseScaling.npz", "S1A_EW_GRDM_1SDH_20190717T060745_20190717T060845_028153_032E08_E7FA_noiseScaling.npz", "S1A_EW_GRDM_1SDH_20190713T064239_20190713T064338_028095_032C48_B67A_noiseScaling.npz", "S1A_EW_GRDM_1SDH_20190720T063225_20190720T063325_028197_032F6E_9188_noiseScaling.npz", "S1A_EW_GRDM_1SDH_20190701T064139_20190701T064239_027920_0326FA_F408_noiseScaling.npz", "S1A_EW_GRDM_1SDH_20190702T072145_20190702T072245_027935_03276A_30CA_noiseScaling.npz", "S1A_EW_GRDM_1SDH_20190702T072245_20190702T072345_027935_03276A_C701_noiseScaling.npz", "S1A_EW_GRDM_1SDH_20190721T071535_20190721T071635_028212_032FE0_C49C_noiseScaling.npz", "S1A_EW_GRDM_1SDH_20190709T071534_20190709T071634_028037_032A9B_A31A_noiseScaling.npz", "S1A_EW_GRDM_1SDH_20190725T180128_20190725T180232_028277_0331C9_7BA2_noiseScaling.npz", "S1A_EW_GRDM_1SDH_20190706T180944_20190706T181048_028000_032975_89C4_noiseScaling.npz", "S1A_EW_GRDM_1SDH_20190721T071335_20190721T071435_028212_032FE0_3A5D_noiseScaling.npz", "S1A_EW_GRDM_1SDH_20190714T072446_20190714T072546_028110_032CB6_AD2C_noiseScaling.npz", "S1A_EW_GRDM_1SDH_20190711T070005_20190711T070104_028066_032B69_07E5_noiseScaling.npz", "S1A_EW_GRDM_1SDH_20190704T070846_20190704T070946_027964_032855_90C2_noiseScaling.npz", "S1A_EW_GRDM_1SDH_20190718T064851_20190718T064951_028168_032E86_B3C0_noiseScaling.npz", "S1A_EW_GRDM_1SDH_20190723T065706_20190723T065806_028241_0330B2_4844_noiseScaling.npz", "S1A_EW_GRDM_1SDH_20190718T181049_20190718T181149_028175_032EBB_6E66_noiseScaling.npz", "S1A_EW_GRDM_1SDH_20190725T064040_20190725T064140_028270_033190_AE91_noiseScaling.npz", "S1A_EW_GRDM_1SDH_20190706T064850_20190706T064950_027993_03293E_A5C6_noiseScaling.npz", "S1A_EW_GRDM_1SDH_20190708T063225_20190708T063325_028022_032A27_58D6_noiseScaling.npz", "S1A_EW_GRDM_1SDH_20190714T072346_20190714T072446_028110_032CB6_5411_noiseScaling.npz", "S1A_EW_GRDM_1SDH_20190704T070522_20190704T070622_027964_032853_2631_noiseScaling.npz", "S1A_EW_GRDM_1SDH_20190718T065051_20190718T065150_028168_032E86_5297_noiseScaling.npz", "S1A_EW_GRDM_1SDH_20190713T064039_20190713T064139_028095_032C48_ADB9_noiseScaling.npz", "S1A_EW_GRDM_1SDH_20190704T070622_20190704T070656_027964_032853_E06C_noiseScaling.npz", "S1A_EW_GRDM_1SDH_20190713T180231_20190713T180331_028102_032C7D_F92B_noiseScaling.npz", "S1A_EW_GRDM_1SDH_20190725T064240_20190725T064339_028270_033190_764E_noiseScaling.npz", "S1A_EW_GRDM_1SDH_20190716T070623_20190716T070656_028139_032DA1_150E_noiseScaling.npz", "S1A_EW_GRDM_1SDH_20190706T064950_20190706T065050_027993_03293E_C95D_noiseScaling.npz", "S1A_EW_GRDM_1SDH_20190713T180127_20190713T180231_028102_032C7D_F61D_noiseScaling.npz", "S1A_EW_GRDM_1SDH_20190725T180232_20190725T180332_028277_0331C9_4F1B_noiseScaling.npz", "S1A_EW_GRDM_1SDH_20190709T071334_20190709T071434_028037_032A9B_B661_noiseScaling.npz", "S1A_EW_GRDM_1SDH_20190721T071635_20190721T071735_028212_032FE0_CA4A_noiseScaling.npz", "S1A_EW_GRDM_1SDH_20190725T064140_20190725T064240_028270_033190_09A4_noiseScaling.npz", "S1A_EW_GRDM_1SDH_20190723T065906_20190723T070006_028241_0330B2_A4CC_noiseScaling.npz", "S1A_EW_GRDM_1SDH_20190704T070742_20190704T070846_027964_032855_FC70_noiseScaling.npz", "S1A_EW_GRDM_1SDH_20190718T064951_20190718T065051_028168_032E86_5D3A_noiseScaling.npz", "S1A_EW_GRDM_1SDH_20190724T055931_20190724T060034_028255_033114_9668_noiseScaling.npz", "S1A_EW_GRDM_1SDH_20190712T055930_20190712T060033_028080_032BCB_5935_noiseScaling.npz", "S1A_EW_GRDM_1SDH_20190706T181048_20190706T181148_028000_032975_A327_noiseScaling.npz", "S1A_EW_GRDM_1SDH_20190705T060744_20190705T060844_027978_0328BA_5C0C_noiseScaling.npz", "S1A_EW_GRDM_1SDH_20190702T072345_20190702T072445_027935_03276A_CC95_noiseScaling.npz", "S1A_EW_GRDM_1SDH_20190709T071434_20190709T071534_028037_032A9B_059F_noiseScaling.npz", "S1A_EW_GRDM_1SDH_20190715T062411_20190715T062511_028124_032D22_675A_noiseScaling.npz", "S1A_EW_GRDM_1SDH_20190709T071634_20190709T071734_028037_032A9B_0ADA_noiseScaling.npz", "S1A_EW_GRDM_1SDH_20190711T065705_20190711T065805_028066_032B69_4FCA_noiseScaling.npz", "S1A_EW_GRDM_1SDH_20190711T065905_20190711T070005_028066_032B69_B029_noiseScaling.npz", "S1A_EW_GRDM_1SDH_20190714T072246_20190714T072346_028110_032CB6_9F98_noiseScaling.npz", "S1A_EW_GRDM_1SDH_20190721T071435_20190721T071535_028212_032FE0_E9E2_noiseScaling.npz", "S1A_EW_GRDM_1SDH_20190723T070006_20190723T070105_028241_0330B2_D07A_noiseScaling.npz", "S1A_EW_GRDM_1SDH_20190701T064039_20190701T064139_027920_0326FA_1AC8_noiseScaling.npz", "S1A_EW_GRDM_1SDH_20190715T062511_20190715T062538_028124_032D22_C56E_noiseScaling.npz", "S1A_EW_GRDM_1SDH_20190703T062410_20190703T062510_027949_0327D6_33C2_noiseScaling.npz", "S1A_EW_GRDM_1SDH_20190716T070847_20190716T070947_028139_032DA3_2A69_noiseScaling.npz", "S1A_EW_GRDM_1SDH_20190701T064239_20190701T064337_027920_0326FA_B888_noiseScaling.npz", "S1A_EW_GRDM_1SDH_20190713T064139_20190713T064239_028095_032C48_64F1_noiseScaling.npz", "S1A_EW_GRDM_1SDH_20190716T070523_20190716T070623_028139_032DA1_AF6F_noiseScaling.npz", "S1A_EW_GRDM_1SDH_20190718T180945_20190718T181049_028175_032EBB_1862_noiseScaling.npz", "S1A_EW_GRDM_1SDH_20190716T070742_20190716T070847_028139_032DA3_85A9_noiseScaling.npz", "S1A_EW_GRDM_1SDH_20190723T065806_20190723T065906_028241_0330B2_84E4_noiseScaling.npz", "S1A_EW_GRDM_1SDH_20190703T062510_20190703T062537_027949_0327D6_CF6E_noiseScaling.npz", "S1A_EW_GRDM_1SDH_20190719T055116_20190719T055216_028182_032EF0_860D_noiseScaling.npz", "S1A_EW_GRDM_1SDH_20190702T072445_20190702T072545_027935_03276A_E351_noiseScaling.npz"]}}