{"S1A_IW_GRDH_HV_PB_3.1": {"mean": {"IW1": 0.00014981161058604596, "IW2": -9.615879554188944e-06, "IW3": -0.00020909284291665422}, "rmse": {"IW1": 0.00013099324696212047, "IW2": 4.437583123083823e-05, "IW3": 4.972307290195301e-05}, "files": ["S1A_IW_GRDH_1SDH_20190817T092550_20190817T092615_028607_033C69_BF72_powerBalancing.npz", "S1A_IW_GRDH_1SDH_20191028T092641_20191028T092710_029657_0360AF_FF91_powerBalancing.npz", "S1A_IW_GRDH_1SDH_20190731T091737_20190731T091759_028359_03345C_731F_powerBalancing.npz", "S1A_IW_GRDH_1SDH_20190829T092640_20190829T092708_028782_03428D_D660_powerBalancing.npz", "S1A_IW_GRDH_1SDH_20190929T091740_20190929T091802_029234_03522F_A74C_powerBalancing.npz", "S1A_IW_GRDH_1SDH_20190712T092547_20190712T092612_028082_032BDE_5159_powerBalancing.npz", "S1A_IW_GRDH_1SDH_20190831T090924_20190831T090949_028811_034393_2DEF_powerBalancing.npz", "S1A_IW_GRDH_1SDH_20190922T092641_20190922T092710_029132_034E99_C286_powerBalancing.npz", "S1A_IW_GRDH_1SDH_20190805T092614_20190805T092639_028432_033681_F9A6_powerBalancing.npz", "S1A_IW_GRDH_1SDH_20190829T092550_20190829T092615_028782_03428D_79F5_powerBalancing.npz", "S1A_IW_GRDH_1SDH_20190829T092615_20190829T092640_028782_03428D_11D8_powerBalancing.npz", "S1A_IW_GRDH_1SDH_20190917T091739_20190917T091801_029059_034C30_3DE1_powerBalancing.npz", "S1A_IW_GRDH_1SDH_20190924T090925_20190924T090950_029161_034F9E_49C0_powerBalancing.npz", "S1A_IW_GRDH_1SDH_20190805T092639_20190805T092707_028432_033681_8E64_powerBalancing.npz", "S1A_IW_GRDH_1SDH_20190724T092613_20190724T092638_028257_033127_5381_powerBalancing.npz", "S1A_IW_GRDH_1SDH_20191016T092616_20191016T092641_029482_035AA9_16C4_powerBalancing.npz", "S1A_IW_GRDH_1SDH_20190910T092641_20190910T092709_028957_0348A4_595D_powerBalancing.npz", "S1A_IW_GRDH_1SDH_20190712T092637_20190712T092706_028082_032BDE_CB01_powerBalancing.npz", "S1A_IW_GRDH_1SDH_20191018T090925_20191018T090950_029511_035BAE_6315_powerBalancing.npz", "S1A_IW_GRDH_1SDH_20190910T092616_20190910T092641_028957_0348A4_01E1_powerBalancing.npz", "S1A_IW_GRDH_1SDH_20190712T092612_20190712T092637_028082_032BDE_AA42_powerBalancing.npz", "S1A_IW_GRDH_1SDH_20190817T092615_20190817T092640_028607_033C69_7B16_powerBalancing.npz", "S1A_IW_GRDH_1SDH_20191028T092551_20191028T092616_029657_0360AF_E43A_powerBalancing.npz", "S1A_IW_GRDH_1SDH_20191030T090925_20191030T090950_029686_0361C7_97C9_powerBalancing.npz", "S1A_IW_GRDH_1SDH_20190702T090920_20190702T090945_027936_032772_CE7A_powerBalancing.npz", "S1A_IW_GRDH_1SDH_20190912T090924_20190912T090949_028986_0349A5_2271_powerBalancing.npz", "S1A_IW_GRDH_1SDH_20190707T091735_20190707T091757_028009_0329BC_2911_powerBalancing.npz", "S1A_IW_GRDH_1SDH_20191011T091740_20191011T091802_029409_035831_FF4B_powerBalancing.npz", "S1A_IW_GRDH_1SDH_20190817T092640_20190817T092708_028607_033C69_ED49_powerBalancing.npz", "S1A_IW_GRDH_1SDH_20190726T090921_20190726T090947_028286_03320E_2EFD_powerBalancing.npz", "S1A_IW_GRDH_1SDH_20191004T092551_20191004T092616_029307_03549E_4FB5_powerBalancing.npz", "S1A_IW_GRDH_1SDH_20190910T092551_20190910T092616_028957_0348A4_A857_powerBalancing.npz", "S1A_IW_GRDH_1SDH_20190819T090923_20190819T090949_028636_033D74_7203_powerBalancing.npz", "S1A_IW_GRDH_1SDH_20190714T090921_20190714T090946_028111_032CBE_7AEA_powerBalancing.npz", "S1A_IW_GRDH_1SDH_20190812T091738_20190812T091800_028534_0339F5_39C2_powerBalancing.npz", "S1A_IW_GRDH_1SDH_20191004T092641_20191004T092710_029307_03549E_3CF3_powerBalancing.npz", "S1A_IW_GRDH_1SDH_20190724T092638_20190724T092706_028257_033127_442B_powerBalancing.npz", "S1A_IW_GRDH_1SDH_20191028T092616_20191028T092641_029657_0360AF_E9F2_powerBalancing.npz", "S1A_IW_GRDH_1SDH_20191016T092641_20191016T092710_029482_035AA9_1064_powerBalancing.npz", "S1A_IW_GRDH_1SDH_20190805T092549_20190805T092614_028432_033681_0A85_powerBalancing.npz", "S1A_IW_GRDH_1SDH_20190807T090922_20190807T090948_028461_033767_116C_powerBalancing.npz", "S1A_IW_GRDH_1SDH_20191016T092551_20191016T092616_029482_035AA9_E5AB_powerBalancing.npz", "S1A_IW_GRDH_1SDH_20190922T092551_20190922T092616_029132_034E99_B130_powerBalancing.npz", "S1A_IW_GRDH_1SDH_20190724T092548_20190724T092613_028257_033127_AB52_powerBalancing.npz", "S1A_IW_GRDH_1SDH_20190719T091736_20190719T091758_028184_032F02_A802_powerBalancing.npz", "S1A_IW_GRDH_1SDH_20191004T092616_20191004T092641_029307_03549E_C716_powerBalancing.npz", "S1A_IW_GRDH_1SDH_20191023T091740_20191023T091802_029584_035E30_C966_powerBalancing.npz", "S1A_IW_GRDH_1SDH_20191006T090925_20191006T090950_029336_0355A9_64F6_powerBalancing.npz", "S1A_IW_GRDH_1SDH_20190922T092616_20190922T092641_029132_034E99_9D3D_powerBalancing.npz", "S1A_IW_GRDH_1SDH_20190905T091739_20190905T091801_028884_03461A_6879_powerBalancing.npz"]}}