{"S1B_IW_GRDH_HV_PB_3.1": {"mean": {"IW1": 0.00017387301797000245, "IW2": -1.6034622720946086e-06, "IW3": -0.00019366891433002188}, "rmse": {"IW1": 9.492525536573223e-05, "IW2": 2.6810374972952956e-05, "IW3": 3.069389338455997e-05}, "files": ["/mnt/sverdrup-2/sat_auxdata/denoise/training/3_1/HV_IW_GRDH_S1B/npz/S1B_IW_GRDH_1SDH_20190706T092454_20190706T092519_017011_020012_DA3C_powerBalancing.npz", "/mnt/sverdrup-2/sat_auxdata/denoise/training/3_1/HV_IW_GRDH_S1B/npz/S1B_IW_GRDH_1SDH_20190706T092519_20190706T092544_017011_020012_C88D_powerBalancing.npz", "/mnt/sverdrup-2/sat_auxdata/denoise/training/3_1/HV_IW_GRDH_S1B/npz/S1B_IW_GRDH_1SDH_20190706T092544_20190706T092609_017011_020012_117D_powerBalancing.npz", "/mnt/sverdrup-2/sat_auxdata/denoise/training/3_1/HV_IW_GRDH_S1B/npz/S1B_IW_GRDH_1SDH_20190708T090839_20190708T090904_017040_0200EC_44B7_powerBalancing.npz", "/mnt/sverdrup-2/sat_auxdata/denoise/training/3_1/HV_IW_GRDH_S1B/npz/S1B_IW_GRDH_1SDH_20190718T092455_20190718T092520_017186_020531_2E9F_powerBalancing.npz", "/mnt/sverdrup-2/sat_auxdata/denoise/training/3_1/HV_IW_GRDH_S1B/npz/S1B_IW_GRDH_1SDH_20190718T092520_20190718T092545_017186_020531_8C84_powerBalancing.npz", "/mnt/sverdrup-2/sat_auxdata/denoise/training/3_1/HV_IW_GRDH_S1B/npz/S1B_IW_GRDH_1SDH_20190718T092545_20190718T092610_017186_020531_2EA2_powerBalancing.npz", "/mnt/sverdrup-2/sat_auxdata/denoise/training/3_1/HV_IW_GRDH_S1B/npz/S1B_IW_GRDH_1SDH_20190720T090839_20190720T090905_017215_020604_2B69_powerBalancing.npz", "/mnt/sverdrup-2/sat_auxdata/denoise/training/3_1/HV_IW_GRDH_S1B/npz/S1B_IW_GRDH_1SDH_20190801T090840_20190801T090905_017390_020B36_E093_powerBalancing.npz", "/mnt/sverdrup-2/sat_auxdata/denoise/training/3_1/HV_IW_GRDH_S1B/npz/S1B_IW_GRDH_1SDH_20190811T092509_20190811T092534_017536_020FB3_4FC3_powerBalancing.npz", "/mnt/sverdrup-2/sat_auxdata/denoise/training/3_1/HV_IW_GRDH_S1B/npz/S1B_IW_GRDH_1SDH_20190811T092534_20190811T092559_017536_020FB3_385D_powerBalancing.npz", "/mnt/sverdrup-2/sat_auxdata/denoise/training/3_1/HV_IW_GRDH_S1B/npz/S1B_IW_GRDH_1SDH_20190811T092559_20190811T092631_017536_020FB3_74B3_powerBalancing.npz", "/mnt/sverdrup-2/sat_auxdata/denoise/training/3_1/HV_IW_GRDH_S1B/npz/S1B_IW_GRDH_1SDH_20190813T090841_20190813T090906_017565_021099_0AC1_powerBalancing.npz", "/mnt/sverdrup-2/sat_auxdata/denoise/training/3_1/HV_IW_GRDH_S1B/npz/S1B_IW_GRDH_1SDH_20190823T092457_20190823T092522_017711_021529_80F7_powerBalancing.npz", "/mnt/sverdrup-2/sat_auxdata/denoise/training/3_1/HV_IW_GRDH_S1B/npz/S1B_IW_GRDH_1SDH_20190823T092522_20190823T092547_017711_021529_C2F6_powerBalancing.npz", "/mnt/sverdrup-2/sat_auxdata/denoise/training/3_1/HV_IW_GRDH_S1B/npz/S1B_IW_GRDH_1SDH_20190823T092547_20190823T092612_017711_021529_BEB2_powerBalancing.npz", "/mnt/sverdrup-2/sat_auxdata/denoise/training/3_1/HV_IW_GRDH_S1B/npz/S1B_IW_GRDH_1SDH_20190825T090841_20190825T090907_017740_021612_B33D_powerBalancing.npz", "/mnt/sverdrup-2/sat_auxdata/denoise/training/3_1/HV_IW_GRDH_S1B/npz/S1B_IW_GRDH_1SDH_20190904T092457_20190904T092522_017886_021A94_4C70_powerBalancing.npz", "/mnt/sverdrup-2/sat_auxdata/denoise/training/3_1/HV_IW_GRDH_S1B/npz/S1B_IW_GRDH_1SDH_20190904T092522_20190904T092547_017886_021A94_13F1_powerBalancing.npz", "/mnt/sverdrup-2/sat_auxdata/denoise/training/3_1/HV_IW_GRDH_S1B/npz/S1B_IW_GRDH_1SDH_20190904T092547_20190904T092612_017886_021A94_ED2A_powerBalancing.npz", "/mnt/sverdrup-2/sat_auxdata/denoise/training/3_1/HV_IW_GRDH_S1B/npz/S1B_IW_GRDH_1SDH_20190906T090842_20190906T090908_017915_021B79_B990_powerBalancing.npz", "/mnt/sverdrup-2/sat_auxdata/denoise/training/3_1/HV_IW_GRDH_S1B/npz/S1B_IW_GRDH_1SDH_20190916T092458_20190916T092523_018061_022008_8011_powerBalancing.npz", "/mnt/sverdrup-2/sat_auxdata/denoise/training/3_1/HV_IW_GRDH_S1B/npz/S1B_IW_GRDH_1SDH_20190916T092523_20190916T092548_018061_022008_7C2A_powerBalancing.npz", "/mnt/sverdrup-2/sat_auxdata/denoise/training/3_1/HV_IW_GRDH_S1B/npz/S1B_IW_GRDH_1SDH_20190916T092548_20190916T092613_018061_022008_536C_powerBalancing.npz", "/mnt/sverdrup-2/sat_auxdata/denoise/training/3_1/HV_IW_GRDH_S1B/npz/S1B_IW_GRDH_1SDH_20190918T090843_20190918T090908_018090_0220F3_2413_powerBalancing.npz", "/mnt/sverdrup-2/sat_auxdata/denoise/training/3_1/HV_IW_GRDH_S1B/npz/S1B_IW_GRDH_1SDH_20190928T092458_20190928T092523_018236_02256C_A7C0_powerBalancing.npz", "/mnt/sverdrup-2/sat_auxdata/denoise/training/3_1/HV_IW_GRDH_S1B/npz/S1B_IW_GRDH_1SDH_20190928T092523_20190928T092548_018236_02256C_C3DC_powerBalancing.npz", "/mnt/sverdrup-2/sat_auxdata/denoise/training/3_1/HV_IW_GRDH_S1B/npz/S1B_IW_GRDH_1SDH_20190928T092548_20190928T092613_018236_02256C_C559_powerBalancing.npz", "/mnt/sverdrup-2/sat_auxdata/denoise/training/3_1/HV_IW_GRDH_S1B/npz/S1B_IW_GRDH_1SDH_20190930T090843_20190930T090909_018265_022657_0C80_powerBalancing.npz", "/mnt/sverdrup-2/sat_auxdata/denoise/training/3_1/HV_IW_GRDH_S1B/npz/S1B_IW_GRDH_1SDH_20191010T092458_20191010T092523_018411_022AE9_8AB9_powerBalancing.npz", "/mnt/sverdrup-2/sat_auxdata/denoise/training/3_1/HV_IW_GRDH_S1B/npz/S1B_IW_GRDH_1SDH_20191010T092523_20191010T092548_018411_022AE9_C064_powerBalancing.npz", "/mnt/sverdrup-2/sat_auxdata/denoise/training/3_1/HV_IW_GRDH_S1B/npz/S1B_IW_GRDH_1SDH_20191010T092548_20191010T092613_018411_022AE9_AC77_powerBalancing.npz", "/mnt/sverdrup-2/sat_auxdata/denoise/training/3_1/HV_IW_GRDH_S1B/npz/S1B_IW_GRDH_1SDH_20191012T090843_20191012T090909_018440_022BD4_1FBF_powerBalancing.npz", "/mnt/sverdrup-2/sat_auxdata/denoise/training/3_1/HV_IW_GRDH_S1B/npz/S1B_IW_GRDH_1SDH_20191022T092459_20191022T092524_018586_02304B_8313_powerBalancing.npz", "/mnt/sverdrup-2/sat_auxdata/denoise/training/3_1/HV_IW_GRDH_S1B/npz/S1B_IW_GRDH_1SDH_20191022T092524_20191022T092549_018586_02304B_A8C3_powerBalancing.npz", "/mnt/sverdrup-2/sat_auxdata/denoise/training/3_1/HV_IW_GRDH_S1B/npz/S1B_IW_GRDH_1SDH_20191022T092549_20191022T092614_018586_02304B_C379_powerBalancing.npz", "/mnt/sverdrup-2/sat_auxdata/denoise/training/3_1/HV_IW_GRDH_S1B/npz/S1B_IW_GRDH_1SDH_20191024T090843_20191024T090909_018615_023127_060E_powerBalancing.npz"]}}