{"S1B_IW_GRDH_VH_NS_3.1": {"mean": {"IW1": 0.9854355962303176, "IW2": 0.9880535882006505, "IW3": 1.1000176989490251}, "rmse": {"IW1": 0.03513482229077566, "IW2": 0.02591749076937106, "IW3": 0.023657444777965737}, "files": ["S1B_IW_GRDH_1SDV_20190705T070620_20190705T070645_016995_01FFA0_5556_noiseScaling.npz", "S1B_IW_GRDH_1SDV_20190705T194901_20190705T194926_017003_01FFD6_7E55_noiseScaling.npz", "S1B_IW_GRDH_1SDV_20190701T074032_20190701T074057_016937_01FDF4_6E8E_noiseScaling.npz", "S1B_IW_GRDH_1SDV_20190701T184338_20190701T184403_016944_01FE22_9C8D_noiseScaling.npz", "S1B_IW_GRDH_1SDV_20190706T074904_20190706T074929_017010_02000A_9ADC_noiseScaling.npz", "S1B_IW_GRDH_1SDV_20190701T073848_20190701T073917_016937_01FDF4_5A2B_noiseScaling.npz", "S1B_IW_GRDH_1SDV_20190705T070710_20190705T070735_016995_01FFA0_1BF8_noiseScaling.npz", "S1B_IW_GRDH_1SDV_20190704T190623_20190704T190648_016988_01FF6B_6DDE_noiseScaling.npz", "S1B_IW_GRDH_1SDV_20190705T070800_20190705T070825_016995_01FFA0_AB58_noiseScaling.npz", "S1B_IW_GRDH_1SDV_20190701T184158_20190701T184223_016944_01FE22_AC52_noiseScaling.npz", "S1B_IW_GRDH_1SDV_20190707T065002_20190707T065027_017024_02006B_687D_noiseScaling.npz", "S1B_IW_GRDH_1SDV_20190706T185031_20190706T185056_017017_02003B_BB7C_noiseScaling.npz", "S1B_IW_GRDH_1SDV_20190705T194717_20190705T194746_017003_01FFD6_FBBC_noiseScaling.npz", "S1B_IW_GRDH_1SDV_20190706T074749_20190706T074814_017010_02000A_FADB_noiseScaling.npz", "S1B_IW_GRDH_1SDV_20190707T065117_20190707T065142_017024_02006B_AD11_noiseScaling.npz", "S1B_IW_GRDH_1SDV_20190705T070735_20190705T070800_016995_01FFA0_7BB4_noiseScaling.npz", "S1B_IW_GRDH_1SDV_20190706T184941_20190706T185006_017017_02003B_D7C3_noiseScaling.npz", "S1B_IW_GRDH_1SDV_20190701T184133_20190701T184158_016944_01FE22_0A26_noiseScaling.npz", "S1B_IW_GRDH_1SDV_20190701T184223_20190701T184248_016944_01FE22_92EC_noiseScaling.npz", "S1B_IW_GRDH_1SDV_20190705T070645_20190705T070710_016995_01FFA0_80C5_noiseScaling.npz", "S1B_IW_GRDH_1SDV_20190701T074122_20190701T074147_016937_01FDF4_50AC_noiseScaling.npz", "S1B_IW_GRDH_1SDV_20190701T074057_20190701T074122_016937_01FDF4_7DB2_noiseScaling.npz", "S1B_IW_GRDH_1SDV_20190706T185056_20190706T185121_017017_02003B_4BD6_noiseScaling.npz", "S1B_IW_GRDH_1SDV_20190707T065142_20190707T065207_017024_02006B_8412_noiseScaling.npz", "S1B_IW_GRDH_1SDV_20190707T065207_20190707T065232_017024_02006B_03DF_noiseScaling.npz", "S1B_IW_GRDH_1SDV_20190706T074724_20190706T074749_017010_02000A_CD08_noiseScaling.npz", "S1B_IW_GRDH_1SDV_20190701T184403_20190701T184428_016944_01FE22_6816_noiseScaling.npz", "S1B_IW_GRDH_1SDV_20190707T065027_20190707T065052_017024_02006B_6178_noiseScaling.npz", "S1B_IW_GRDH_1SDV_20190704T080339_20190704T080404_016981_01FF37_71AA_noiseScaling.npz", "S1B_IW_GRDH_1SDV_20190704T080404_20190704T080429_016981_01FF37_8DEB_noiseScaling.npz", "S1B_IW_GRDH_1SDV_20190705T070526_20190705T070555_016995_01FFA0_2832_noiseScaling.npz", "S1B_IW_GRDH_1SDV_20190705T070825_20190705T070850_016995_01FFA0_9506_noiseScaling.npz", "S1B_IW_GRDH_1SDV_20190705T194811_20190705T194836_017003_01FFD6_D72D_noiseScaling.npz", "S1B_IW_GRDH_1SDV_20190705T194836_20190705T194901_017003_01FFD6_A361_noiseScaling.npz", "S1B_IW_GRDH_1SDV_20190701T184248_20190701T184313_016944_01FE22_455C_noiseScaling.npz", "S1B_IW_GRDH_1SDV_20190707T064912_20190707T064937_017024_02006B_CC4B_noiseScaling.npz", "S1B_IW_GRDH_1SDV_20190707T064937_20190707T065002_017024_02006B_1FE1_noiseScaling.npz", "S1B_IW_GRDH_1SDV_20190704T190648_20190704T190713_016988_01FF6B_0009_noiseScaling.npz", "S1B_IW_GRDH_1SDV_20190705T194746_20190705T194811_017003_01FFD6_F50F_noiseScaling.npz", "S1B_IW_GRDH_1SDV_20190706T074839_20190706T074904_017010_02000A_C41E_noiseScaling.npz", "S1B_IW_GRDH_1SDV_20190706T074814_20190706T074839_017010_02000A_D1FA_noiseScaling.npz", "S1B_IW_GRDH_1SDV_20190707T065052_20190707T065117_017024_02006B_91E8_noiseScaling.npz", "S1B_IW_GRDH_1SDV_20190704T080310_20190704T080339_016981_01FF37_D7B6_noiseScaling.npz", "S1B_IW_GRDH_1SDV_20190706T074929_20190706T074954_017010_02000A_65E2_noiseScaling.npz", "S1B_IW_GRDH_1SDV_20190706T185121_20190706T185148_017017_02003B_A8EE_noiseScaling.npz", "S1B_IW_GRDH_1SDV_20190705T070555_20190705T070620_016995_01FFA0_35D7_noiseScaling.npz", "S1B_IW_GRDH_1SDV_20190706T185006_20190706T185031_017017_02003B_D4FC_noiseScaling.npz", "S1B_IW_GRDH_1SDV_20190706T074655_20190706T074724_017010_02000A_4ADD_noiseScaling.npz", "S1B_IW_GRDH_1SDV_20190704T190713_20190704T190741_016988_01FF6B_6EEE_noiseScaling.npz", "S1B_IW_GRDH_1SDV_20190701T184428_20190701T184453_016944_01FE22_8355_noiseScaling.npz", "S1B_IW_GRDH_1SDV_20190701T073942_20190701T074007_016937_01FDF4_9690_noiseScaling.npz", "S1B_IW_GRDH_1SDV_20190701T074007_20190701T074032_016937_01FDF4_FB2E_noiseScaling.npz", "S1B_IW_GRDH_1SDV_20190701T184313_20190701T184338_016944_01FE22_BA3D_noiseScaling.npz", "S1B_IW_GRDH_1SDV_20190701T073917_20190701T073942_016937_01FDF4_187D_noiseScaling.npz"]}}